input_index,scientific_name,common_name,taxid,final_name_used,accession,feature_start,feature_end,strand,length,database,nuccore_url,genbank_url,search_strategy,product,gene
1,Vicugna pacos,,30538,Camelus pacos,NC_002504.1,1099,2660,1,1561,NCBI_nuccore,https://www.ncbi.nlm.nih.gov/nuccore/NC_002504.1,https://www.ncbi.nlm.nih.gov/nuccore/NC_002504.1?report=genbank,MITOGENOME_FEATURE,16S ribosomal RNA,
2,Lagenorhynchus acutus,,3371109,Delphinus acutus,NC_050265.1,1113,2690,1,1577,NCBI_nuccore,https://www.ncbi.nlm.nih.gov/nuccore/NC_050265.1,https://www.ncbi.nlm.nih.gov/nuccore/NC_050265.1?report=genbank,MITOGENOME_FEATURE,16S ribosomal RNA,
3,Tursiops truncatus,,9739,Delphinus cymodoce,OR120228.1,1113,2690,1,1577,NCBI_nuccore,https://www.ncbi.nlm.nih.gov/nuccore/OR120228.1,https://www.ncbi.nlm.nih.gov/nuccore/OR120228.1?report=genbank,MITOGENOME_FEATURE,16S ribosomal RNA,
4,Phocoena spinipinnis,,27614,Phocoena spinipinnis,NC_053750.1,1122,2711,1,1589,NCBI_nuccore,https://www.ncbi.nlm.nih.gov/nuccore/NC_053750.1,https://www.ncbi.nlm.nih.gov/nuccore/NC_053750.1?report=genbank,MITOGENOME_FEATURE,16S ribosomal RNA,
5,Bos taurus,,9913,Bos bovis,PQ152950.1,1090,2661,1,1571,NCBI_nuccore,https://www.ncbi.nlm.nih.gov/nuccore/PQ152950.1,https://www.ncbi.nlm.nih.gov/nuccore/PQ152950.1?report=genbank,MITOGENOME_FEATURE,16S ribosomal RNA,
6,Capra hircus,,9925,Capra aegagrus hircus,PV274468.1,1091,2666,1,1575,NCBI_nuccore,https://www.ncbi.nlm.nih.gov/nuccore/PV274468.1,https://www.ncbi.nlm.nih.gov/nuccore/PV274468.1?report=genbank,MITOGENOME_FEATURE,16S ribosomal RNA,rrn16
7,Sus scrofa,,9823,Sus scrofa,PX412418.1,2264,3834,1,1570,NCBI_nuccore,https://www.ncbi.nlm.nih.gov/nuccore/PX412418.1,https://www.ncbi.nlm.nih.gov/nuccore/PX412418.1?report=genbank,MITOGENOME_FEATURE,16S ribosomal RNA,rrnL
8,Sus scrofa,,9823,Sus scrofa,PX412418.1,2264,3834,1,1570,NCBI_nuccore,https://www.ncbi.nlm.nih.gov/nuccore/PX412418.1,https://www.ncbi.nlm.nih.gov/nuccore/PX412418.1?report=genbank,MITOGENOME_FEATURE,16S ribosomal RNA,rrnL
9,Bos grunniens,,30521,Bos grunniens,OP380876.1,1985,3556,1,1571,NCBI_nuccore,https://www.ncbi.nlm.nih.gov/nuccore/OP380876.1,https://www.ncbi.nlm.nih.gov/nuccore/OP380876.1?report=genbank,MITOGENOME_FEATURE,16S ribosomal RNA,
10,Ursus americanus,,9643,Euarctos americanus,OQ318945.1,1659,3240,1,1581,NCBI_nuccore,https://www.ncbi.nlm.nih.gov/nuccore/OQ318945.1,https://www.ncbi.nlm.nih.gov/nuccore/OQ318945.1?report=genbank,MITOGENOME_FEATURE,16S ribosomal RNA,
11,Lynx rufus,,61384,Felis rufus,KP202285.1,2032,3606,1,1574,NCBI_nuccore,https://www.ncbi.nlm.nih.gov/nuccore/KP202285.1,https://www.ncbi.nlm.nih.gov/nuccore/KP202285.1?report=genbank,MITOGENOME_FEATURE,16S ribosomal RNA,
12,Lontra felina,,76718,Lontra felina,NC_079648.1,1100,2667,1,1567,NCBI_nuccore,https://www.ncbi.nlm.nih.gov/nuccore/NC_079648.1,https://www.ncbi.nlm.nih.gov/nuccore/NC_079648.1?report=genbank,MITOGENOME_FEATURE,16S ribosomal RNA,
13,Viverricula indica,,94196,Viverricula indica,NC_025296.1,1421,2991,1,1570,NCBI_nuccore,https://www.ncbi.nlm.nih.gov/nuccore/NC_025296.1,https://www.ncbi.nlm.nih.gov/nuccore/NC_025296.1?report=genbank,MITOGENOME_FEATURE,16S ribosomal RNA,
14,Puma concolor,,9696,Felis concolor,NC_016470.1,2012,3582,1,1570,NCBI_nuccore,https://www.ncbi.nlm.nih.gov/nuccore/NC_016470.1,https://www.ncbi.nlm.nih.gov/nuccore/NC_016470.1?report=genbank,MITOGENOME_FEATURE,16S ribosomal RNA,
15,Canis latrans,,9614,Canis latrans,MZ042353.1,1091,2671,1,1580,NCBI_nuccore,https://www.ncbi.nlm.nih.gov/nuccore/MZ042353.1,https://www.ncbi.nlm.nih.gov/nuccore/MZ042353.1?report=genbank,MITOGENOME_FEATURE,16S ribosomal RNA,
16,Canis lupus familiaris,,9615,Canis borealis,OR260566.2,1079,2659,1,1580,NCBI_nuccore,https://www.ncbi.nlm.nih.gov/nuccore/OR260566.2,https://www.ncbi.nlm.nih.gov/nuccore/OR260566.2?report=genbank,MITOGENOME_FEATURE,16S ribosomal RNA,
17,Felis catus,,9685,Felis catus,PP070531.1,1897,3474,1,1577,NCBI_nuccore,https://www.ncbi.nlm.nih.gov/nuccore/PP070531.1,https://www.ncbi.nlm.nih.gov/nuccore/PP070531.1?report=genbank,MITOGENOME_FEATURE,16S ribosomal RNA,rrnL
18,Mirounga angustirostris,,9716,Macrorhinus angustirostris,AY377388.1,0,1568,1,1568,NCBI_nuccore,https://www.ncbi.nlm.nih.gov/nuccore/AY377388.1,https://www.ncbi.nlm.nih.gov/nuccore/AY377388.1?report=genbank,DIRECT_16S_GENE,16S ribosomal RNA,
19,Mustela erminea,,36723,Mustela erminea,NC_025516.1,1403,2971,1,1568,NCBI_nuccore,https://www.ncbi.nlm.nih.gov/nuccore/NC_025516.1,https://www.ncbi.nlm.nih.gov/nuccore/NC_025516.1?report=genbank,MITOGENOME_FEATURE,16S ribosomal RNA,
20,Felis catus,,9685,Felis catus,PP070531.1,1897,3474,1,1577,NCBI_nuccore,https://www.ncbi.nlm.nih.gov/nuccore/PP070531.1,https://www.ncbi.nlm.nih.gov/nuccore/PP070531.1?report=genbank,MITOGENOME_FEATURE,16S ribosomal RNA,rrnL
21,Mustela putorius furo,,9669,Mustela furo,KT693383.1,1096,2665,1,1569,NCBI_nuccore,https://www.ncbi.nlm.nih.gov/nuccore/KT693383.1,https://www.ncbi.nlm.nih.gov/nuccore/KT693383.1?report=genbank,MITOGENOME_FEATURE,16S ribosomal RNA,
22,Leopardus geoffroyi,,46844,Felis geoffroyi,NC_028320.1,1868,3444,1,1576,NCBI_nuccore,https://www.ncbi.nlm.nih.gov/nuccore/NC_028320.1,https://www.ncbi.nlm.nih.gov/nuccore/NC_028320.1?report=genbank,MITOGENOME_FEATURE,16S ribosomal RNA,
23,Halichoerus grypus,,9711,Halichoerus grypus,NC_001602.1,2008,3577,1,1569,NCBI_nuccore,https://www.ncbi.nlm.nih.gov/nuccore/NC_001602.1,https://www.ncbi.nlm.nih.gov/nuccore/NC_001602.1?report=genbank,MITOGENOME_FEATURE,16S ribosomal RNA,
24,Phoca vitulina,,9720,Phoca vitulina,AM181032.1,1098,2669,1,1571,NCBI_nuccore,https://www.ncbi.nlm.nih.gov/nuccore/AM181032.1,https://www.ncbi.nlm.nih.gov/nuccore/AM181032.1?report=genbank,MITOGENOME_FEATURE,16S ribosomal RNA,16S rRNA
25,Panthera pardus,,9691,Felis pardus,PQ283265.2,1099,2674,1,1575,NCBI_nuccore,https://www.ncbi.nlm.nih.gov/nuccore/PQ283265.2,https://www.ncbi.nlm.nih.gov/nuccore/PQ283265.2?report=genbank,MITOGENOME_FEATURE,16S ribosomal RNA,
26,Hydrurga leptonyx,,29086,Hydrurga leptonyx,AM181026.1,1102,2675,1,1573,NCBI_nuccore,https://www.ncbi.nlm.nih.gov/nuccore/AM181026.1,https://www.ncbi.nlm.nih.gov/nuccore/AM181026.1?report=genbank,MITOGENOME_FEATURE,16S ribosomal RNA,16S rRNA
27,Panthera leo,,9689,Felis leo,NC_028302.1,1781,3355,1,1574,NCBI_nuccore,https://www.ncbi.nlm.nih.gov/nuccore/NC_028302.1,https://www.ncbi.nlm.nih.gov/nuccore/NC_028302.1?report=genbank,MITOGENOME_FEATURE,16S ribosomal RNA,
28,Lynx lynx,,13125,Felis lynx,NC_027083.1,1979,3556,1,1577,NCBI_nuccore,https://www.ncbi.nlm.nih.gov/nuccore/NC_027083.1,https://www.ncbi.nlm.nih.gov/nuccore/NC_027083.1?report=genbank,MITOGENOME_FEATURE,16S ribosomal RNA,
29,Suricata suricatta,,37032,Suricata suricatta,NC_045900.1,1101,2679,1,1578,NCBI_nuccore,https://www.ncbi.nlm.nih.gov/nuccore/NC_045900.1,https://www.ncbi.nlm.nih.gov/nuccore/NC_045900.1?report=genbank,MITOGENOME_FEATURE,16S ribosomal RNA,
30,Neogale vison,,452646,Mustela vison,MT410953.1,1169,2739,1,1570,NCBI_nuccore,https://www.ncbi.nlm.nih.gov/nuccore/MT410953.1,https://www.ncbi.nlm.nih.gov/nuccore/MT410953.1?report=genbank,MITOGENOME_FEATURE,16S ribosomal RNA,
31,Puma concolor,,9696,Felis concolor,NC_016470.1,2012,3582,1,1570,NCBI_nuccore,https://www.ncbi.nlm.nih.gov/nuccore/NC_016470.1,https://www.ncbi.nlm.nih.gov/nuccore/NC_016470.1?report=genbank,MITOGENOME_FEATURE,16S ribosomal RNA,
32,Otaria flavescens,,161932,Otaria byronia,NC_049152.1,1099,2677,1,1578,NCBI_nuccore,https://www.ncbi.nlm.nih.gov/nuccore/NC_049152.1,https://www.ncbi.nlm.nih.gov/nuccore/NC_049152.1?report=genbank,MITOGENOME_FEATURE,16S ribosomal RNA,
33,Ursus maritimus,,29073,Thalarctos maritimus,NC_003428.1,2230,3809,1,1579,NCBI_nuccore,https://www.ncbi.nlm.nih.gov/nuccore/NC_003428.1,https://www.ncbi.nlm.nih.gov/nuccore/NC_003428.1?report=genbank,MITOGENOME_FEATURE,16S ribosomal RNA,
34,Procyon lotor,,9654,Procyon lotor,MT874474.1,1466,3054,1,1588,NCBI_nuccore,https://www.ncbi.nlm.nih.gov/nuccore/MT874474.1,https://www.ncbi.nlm.nih.gov/nuccore/MT874474.1?report=genbank,MITOGENOME_FEATURE,16S ribosomal RNA,rrn16
35,Nyctereutes procyonoides,,34880,Canis procyonoides,OM732330.1,1090,2669,1,1579,NCBI_nuccore,https://www.ncbi.nlm.nih.gov/nuccore/OM732330.1,https://www.ncbi.nlm.nih.gov/nuccore/OM732330.1?report=genbank,MITOGENOME_FEATURE,16S ribosomal RNA,
36,Vulpes vulpes,,9627,Canis vulpes,KP342452.1,1093,2675,1,1582,NCBI_nuccore,https://www.ncbi.nlm.nih.gov/nuccore/KP342452.1,https://www.ncbi.nlm.nih.gov/nuccore/KP342452.1?report=genbank,MITOGENOME_FEATURE,16S ribosomal RNA,
37,Enhydra lutris,,34882,Enhydra lutris,AB291077.1,1098,2669,1,1571,NCBI_nuccore,https://www.ncbi.nlm.nih.gov/nuccore/AB291077.1,https://www.ncbi.nlm.nih.gov/nuccore/AB291077.1?report=genbank,MITOGENOME_FEATURE,16S ribosomal RNA,
38,Leptailurus serval,,61405,Felis serval,NC_028316.1,1747,3322,1,1575,NCBI_nuccore,https://www.ncbi.nlm.nih.gov/nuccore/NC_028316.1,https://www.ncbi.nlm.nih.gov/nuccore/NC_028316.1?report=genbank,MITOGENOME_FEATURE,16S ribosomal RNA,
39,Arctocephalus australis,,161928,Arctocephalus australis,NC_063561.1,1098,2675,1,1577,NCBI_nuccore,https://www.ncbi.nlm.nih.gov/nuccore/NC_063561.1,https://www.ncbi.nlm.nih.gov/nuccore/NC_063561.1?report=genbank,MITOGENOME_FEATURE,16S ribosomal RNA,
40,Otaria flavescens,,161932,Otaria byronia,NC_049152.1,1099,2677,1,1578,NCBI_nuccore,https://www.ncbi.nlm.nih.gov/nuccore/NC_049152.1,https://www.ncbi.nlm.nih.gov/nuccore/NC_049152.1?report=genbank,MITOGENOME_FEATURE,16S ribosomal RNA,
41,Mirounga leonina,,9715,Mirounga leonina,AM181023.1,1104,2676,1,1572,NCBI_nuccore,https://www.ncbi.nlm.nih.gov/nuccore/AM181023.1,https://www.ncbi.nlm.nih.gov/nuccore/AM181023.1?report=genbank,MITOGENOME_FEATURE,16S ribosomal RNA,16S rRNA
42,Mephitis mephitis,,30548,Mephitis mephitis,HM106332.1,1094,2667,1,1573,NCBI_nuccore,https://www.ncbi.nlm.nih.gov/nuccore/HM106332.1,https://www.ncbi.nlm.nih.gov/nuccore/HM106332.1?report=genbank,MITOGENOME_FEATURE,16S ribosomal RNA,
43,Panthera tigris,,9694,Felis tigris,MN624080.1,1456,3031,1,1575,NCBI_nuccore,https://www.ncbi.nlm.nih.gov/nuccore/MN624080.1,https://www.ncbi.nlm.nih.gov/nuccore/MN624080.1?report=genbank,MITOGENOME_FEATURE,16S ribosomal RNA,
44,Mustela nivalis,,36239,Mustela nivalis,PQ246111.1,1092,2664,1,1572,NCBI_nuccore,https://www.ncbi.nlm.nih.gov/nuccore/PQ246111.1,https://www.ncbi.nlm.nih.gov/nuccore/PQ246111.1?report=genbank,MITOGENOME_FEATURE,16S ribosomal RNA,rrn16
45,Neogale vison,,452646,Mustela vison,MT410953.1,1169,2739,1,1570,NCBI_nuccore,https://www.ncbi.nlm.nih.gov/nuccore/MT410953.1,https://www.ncbi.nlm.nih.gov/nuccore/MT410953.1?report=genbank,MITOGENOME_FEATURE,16S ribosomal RNA,
46,Pekania pennanti,,76720,Martes pennanti,HQ705180.1,1094,2663,1,1569,NCBI_nuccore,https://www.ncbi.nlm.nih.gov/nuccore/HQ705180.1,https://www.ncbi.nlm.nih.gov/nuccore/HQ705180.1?report=genbank,MITOGENOME_FEATURE,16S ribosomal RNA,
47,Nasua nasua,,9651,Nasua nasua,HM106331.1,1104,2690,1,1586,NCBI_nuccore,https://www.ncbi.nlm.nih.gov/nuccore/HM106331.1,https://www.ncbi.nlm.nih.gov/nuccore/HM106331.1?report=genbank,MITOGENOME_FEATURE,16S ribosomal RNA,
48,Didelphis virginiana,,9267,Didelphis marsupialis virginiana,MT892666.1,1095,2665,1,1570,NCBI_nuccore,https://www.ncbi.nlm.nih.gov/nuccore/MT892666.1,https://www.ncbi.nlm.nih.gov/nuccore/MT892666.1?report=genbank,MITOGENOME_FEATURE,16S ribosomal RNA,
49,Ochotona princeps,,9978,Arvicola princeps,NC_005358.1,1099,2667,1,1568,NCBI_nuccore,https://www.ncbi.nlm.nih.gov/nuccore/NC_005358.1,https://www.ncbi.nlm.nih.gov/nuccore/NC_005358.1?report=genbank,MITOGENOME_FEATURE,16S ribosomal RNA,
50,Equus caballus,,9796,Equus caballus,PV926047.1,1113,2693,1,1580,NCBI_nuccore,https://www.ncbi.nlm.nih.gov/nuccore/PV926047.1,https://www.ncbi.nlm.nih.gov/nuccore/PV926047.1?report=genbank,MITOGENOME_FEATURE,16S ribosomal RNA,
51,Macaca mulatta,,9544,Cercopithecus mulatta,NC_037466.1,1625,3186,1,1561,NCBI_nuccore,https://www.ncbi.nlm.nih.gov/nuccore/NC_037466.1,https://www.ncbi.nlm.nih.gov/nuccore/NC_037466.1?report=genbank,MITOGENOME_FEATURE,16S ribosomal RNA,
52,Mus musculus,,10090,Mus musculus,OR840809.1,1093,2680,1,1587,NCBI_nuccore,https://www.ncbi.nlm.nih.gov/nuccore/OR840809.1,https://www.ncbi.nlm.nih.gov/nuccore/OR840809.1?report=genbank,MITOGENOME_FEATURE,16S ribosomal RNA,Rnr2
54,Haliaeetus leucocephalus,,52644,Falco leucocephalus,GQ264658.1,1042,2643,1,1601,NCBI_nuccore,https://www.ncbi.nlm.nih.gov/nuccore/GQ264658.1,https://www.ncbi.nlm.nih.gov/nuccore/GQ264658.1?report=genbank,DIRECT_16S_GENE,16S ribosomal RNA,
55,Buteo platypterus,,218281,Buteo platypterus,GQ264632.1,1040,2636,1,1596,NCBI_nuccore,https://www.ncbi.nlm.nih.gov/nuccore/GQ264632.1,https://www.ncbi.nlm.nih.gov/nuccore/GQ264632.1?report=genbank,DIRECT_16S_GENE,16S ribosomal RNA,
56,Buteogallus urubitinga,,223497,Buteogallus urubitinga,GQ264648.1,1043,2640,1,1597,NCBI_nuccore,https://www.ncbi.nlm.nih.gov/nuccore/GQ264648.1,https://www.ncbi.nlm.nih.gov/nuccore/GQ264648.1?report=genbank,DIRECT_16S_GENE,16S ribosomal RNA,
57,Buteo buteo,,30397,Buteo buteo,NC_003128.3,1113,2711,1,1598,NCBI_nuccore,https://www.ncbi.nlm.nih.gov/nuccore/NC_003128.3,https://www.ncbi.nlm.nih.gov/nuccore/NC_003128.3?report=genbank,MITOGENOME_FEATURE,16S ribosomal RNA,
58,Accipiter cooperii,,261198,Accipiter cooperi,KM042918.1,0,456,1,456,NCBI_nuccore,https://www.ncbi.nlm.nih.gov/nuccore/KM042918.1,https://www.ncbi.nlm.nih.gov/nuccore/KM042918.1?report=genbank,DIRECT_16S_GENE,16S ribosomal RNA,
60,Accipiter nisus,,211598,Accipiter nisus,NC_025580.1,1112,2714,1,1602,NCBI_nuccore,https://www.ncbi.nlm.nih.gov/nuccore/NC_025580.1,https://www.ncbi.nlm.nih.gov/nuccore/NC_025580.1?report=genbank,MITOGENOME_FEATURE,16S ribosomal RNA,
61,Buteo regalis,,223441,Archibuteo regalis,GQ264638.1,1043,2635,1,1592,NCBI_nuccore,https://www.ncbi.nlm.nih.gov/nuccore/GQ264638.1,https://www.ncbi.nlm.nih.gov/nuccore/GQ264638.1?report=genbank,DIRECT_16S_GENE,16S ribosomal RNA,
62,Aquila chrysaetos,,8962,Aquila chrysaetos,MT319112.1,1113,2700,1,1587,NCBI_nuccore,https://www.ncbi.nlm.nih.gov/nuccore/MT319112.1,https://www.ncbi.nlm.nih.gov/nuccore/MT319112.1?report=genbank,MITOGENOME_FEATURE,16S ribosomal RNA,
63,Accipiter gentilis,,8957,Accipiter gentilis,AP010797.1,5715,7310,1,1595,NCBI_nuccore,https://www.ncbi.nlm.nih.gov/nuccore/AP010797.1,https://www.ncbi.nlm.nih.gov/nuccore/AP010797.1?report=genbank,MITOGENOME_FEATURE,16S-rRNA,
64,Haliaeetus albicilla,,8969,Falco albicilla,NC_040858.1,1105,2699,1,1594,NCBI_nuccore,https://www.ncbi.nlm.nih.gov/nuccore/NC_040858.1,https://www.ncbi.nlm.nih.gov/nuccore/NC_040858.1?report=genbank,MITOGENOME_FEATURE,16S ribosomal RNA,
65,Parabuteo unicinctus,,223492,Falco unicinctus,GQ264694.1,1035,2635,1,1600,NCBI_nuccore,https://www.ncbi.nlm.nih.gov/nuccore/GQ264694.1,https://www.ncbi.nlm.nih.gov/nuccore/GQ264694.1?report=genbank,DIRECT_16S_GENE,16S ribosomal RNA,
66,Necrosyrtes monachus,,30399,Cathartes monachus,KJ193294.1,0,531,1,531,NCBI_nuccore,https://www.ncbi.nlm.nih.gov/nuccore/KJ193294.1,https://www.ncbi.nlm.nih.gov/nuccore/KJ193294.1?report=genbank,DIRECT_16S_GENE,16S ribosomal RNA,
67,Nisaetus nipalensis,,214438,Nisaetus nipalensis,AP008238.1,5117,6714,1,1597,NCBI_nuccore,https://www.ncbi.nlm.nih.gov/nuccore/AP008238.1,https://www.ncbi.nlm.nih.gov/nuccore/AP008238.1?report=genbank,MITOGENOME_FEATURE,16S ribosomal RNA,
69,Pandion haliaetus,,56262,Falco halioetus,DQ780884.1,1108,2689,1,1581,NCBI_nuccore,https://www.ncbi.nlm.nih.gov/nuccore/DQ780884.1,https://www.ncbi.nlm.nih.gov/nuccore/DQ780884.1?report=genbank,MITOGENOME_FEATURE,16S ribosomal RNA,
70,Buteo lineatus,,223475,Buteo lineatus,GQ264624.1,1040,2634,1,1594,NCBI_nuccore,https://www.ncbi.nlm.nih.gov/nuccore/GQ264624.1,https://www.ncbi.nlm.nih.gov/nuccore/GQ264624.1?report=genbank,DIRECT_16S_GENE,16S ribosomal RNA,
71,Buteo jamaicensis,,56263,Buteo jamaicensis,GQ264619.1,1044,2639,1,1595,NCBI_nuccore,https://www.ncbi.nlm.nih.gov/nuccore/GQ264619.1,https://www.ncbi.nlm.nih.gov/nuccore/GQ264619.1?report=genbank,DIRECT_16S_GENE,16S ribosomal RNA,
72,Buteo lagopus,,115229,Buteo lagopus,NC_029189.1,1114,2708,1,1594,NCBI_nuccore,https://www.ncbi.nlm.nih.gov/nuccore/NC_029189.1,https://www.ncbi.nlm.nih.gov/nuccore/NC_029189.1?report=genbank,MITOGENOME_FEATURE,16S ribosomal RNA,
73,Accipiter striatus,,56330,Accipiter striatus,KM042935.1,0,468,1,468,NCBI_nuccore,https://www.ncbi.nlm.nih.gov/nuccore/KM042935.1,https://www.ncbi.nlm.nih.gov/nuccore/KM042935.1?report=genbank,DIRECT_16S_GENE,16S ribosomal RNA,
74,Buteo swainsoni,,156757,Buteo swainsoni,GQ264646.1,1043,2638,1,1595,NCBI_nuccore,https://www.ncbi.nlm.nih.gov/nuccore/GQ264646.1,https://www.ncbi.nlm.nih.gov/nuccore/GQ264646.1?report=genbank,DIRECT_16S_GENE,16S ribosomal RNA,
75,Anas rubripes,,75857,Anas platyrhynchos rubripes,PQ726986.1,2194,3747,1,1553,NCBI_nuccore,https://www.ncbi.nlm.nih.gov/nuccore/PQ726986.1,https://www.ncbi.nlm.nih.gov/nuccore/PQ726986.1?report=genbank,MITOGENOME_FEATURE,16S ribosomal RNA,
77,Anas crecca carolinensis,,75836,Anas carolinensis,PQ726979.1,2200,3746,1,1546,NCBI_nuccore,https://www.ncbi.nlm.nih.gov/nuccore/PQ726979.1,https://www.ncbi.nlm.nih.gov/nuccore/PQ726979.1?report=genbank,MITOGENOME_FEATURE,16S ribosomal RNA,
78,Anas americana,,75832,Anas americana,NC_088449.1,1125,2729,1,1604,NCBI_nuccore,https://www.ncbi.nlm.nih.gov/nuccore/NC_088449.1,https://www.ncbi.nlm.nih.gov/nuccore/NC_088449.1?report=genbank,MITOGENOME_FEATURE,16S ribosomal RNA,
81,Asarcornis scutulata,,75869,Anas scutulata,NC_052827.1,1123,2730,1,1607,NCBI_nuccore,https://www.ncbi.nlm.nih.gov/nuccore/NC_052827.1,https://www.ncbi.nlm.nih.gov/nuccore/NC_052827.1?report=genbank,MITOGENOME_FEATURE,16S ribosomal RNA,
83,Sibirionetta formosa,,56278,Anas formosa,JF730435.1,1125,2727,1,1602,NCBI_nuccore,https://www.ncbi.nlm.nih.gov/nuccore/JF730435.1,https://www.ncbi.nlm.nih.gov/nuccore/JF730435.1?report=genbank,MITOGENOME_FEATURE,16S ribosomal RNA,
84,Anser indicus,,8846,Anas indica,NC_025654.1,1126,2736,1,1610,NCBI_nuccore,https://www.ncbi.nlm.nih.gov/nuccore/NC_025654.1,https://www.ncbi.nlm.nih.gov/nuccore/NC_025654.1?report=genbank,MITOGENOME_FEATURE,16S ribosomal RNA,
85,Bucephala islandica,,40833,Anas islandica,MW849281.1,2196,3799,1,1603,NCBI_nuccore,https://www.ncbi.nlm.nih.gov/nuccore/MW849281.1,https://www.ncbi.nlm.nih.gov/nuccore/MW849281.1?report=genbank,MITOGENOME_FEATURE,16S ribosomal RNA,
89,Melanitta americana,,1581554,Melanitta americana,NC_088450.1,2197,3798,1,1601,NCBI_nuccore,https://www.ncbi.nlm.nih.gov/nuccore/NC_088450.1,https://www.ncbi.nlm.nih.gov/nuccore/NC_088450.1?report=genbank,MITOGENOME_FEATURE,16S ribosomal RNA,
90,Cygnus atratus,,8868,Anas atrata,PQ723584.1,1128,2730,1,1602,NCBI_nuccore,https://www.ncbi.nlm.nih.gov/nuccore/PQ723584.1,https://www.ncbi.nlm.nih.gov/nuccore/PQ723584.1?report=genbank,MITOGENOME_FEATURE,16S ribosomal RNA,
92,Bucephala albeola,,279934,Anas albeola,MW849286.1,2201,3805,1,1604,NCBI_nuccore,https://www.ncbi.nlm.nih.gov/nuccore/MW849286.1,https://www.ncbi.nlm.nih.gov/nuccore/MW849286.1?report=genbank,MITOGENOME_FEATURE,16S ribosomal RNA,
94,Branta canadensis,,8853,Anas canadensis,DQ019124.1,1125,2731,1,1606,NCBI_nuccore,https://www.ncbi.nlm.nih.gov/nuccore/DQ019124.1,https://www.ncbi.nlm.nih.gov/nuccore/DQ019124.1?report=genbank,MITOGENOME_FEATURE,16S ribosomal RNA,
99,Anser cygnoides domesticus,,8845,Anas cygnoid,NC_023832.1,2302,3912,1,1610,NCBI_nuccore,https://www.ncbi.nlm.nih.gov/nuccore/NC_023832.1,https://www.ncbi.nlm.nih.gov/nuccore/NC_023832.1?report=genbank,MITOGENOME_FEATURE,16S ribosomal RNA,
101,Somateria mollissima,,76058,Anas mollissima,OR243133.1,2196,3798,1,1602,NCBI_nuccore,https://www.ncbi.nlm.nih.gov/nuccore/OR243133.1,https://www.ncbi.nlm.nih.gov/nuccore/OR243133.1?report=genbank,MITOGENOME_FEATURE,16S ribosomal RNA,
102,Bucephala clangula,,107022,Anas clangula,MW849283.1,2194,3798,1,1604,NCBI_nuccore,https://www.ncbi.nlm.nih.gov/nuccore/MW849283.1,https://www.ncbi.nlm.nih.gov/nuccore/MW849283.1?report=genbank,MITOGENOME_FEATURE,16S ribosomal RNA,
103,Mergus merganser,,8880,Mergus merganser,OR243031.1,1135,2736,1,1601,NCBI_nuccore,https://www.ncbi.nlm.nih.gov/nuccore/OR243031.1,https://www.ncbi.nlm.nih.gov/nuccore/OR243031.1?report=genbank,MITOGENOME_FEATURE,16S ribosomal RNA,
104,Aythya ferina,,219593,Anas ferina,OQ979264.1,1125,2729,1,1604,NCBI_nuccore,https://www.ncbi.nlm.nih.gov/nuccore/OQ979264.1,https://www.ncbi.nlm.nih.gov/nuccore/OQ979264.1?report=genbank,MITOGENOME_FEATURE,16S ribosomal RNA,
106,Anas crecca,,75839,Anas crecca,KC771255.1,1127,2728,1,1601,NCBI_nuccore,https://www.ncbi.nlm.nih.gov/nuccore/KC771255.1,https://www.ncbi.nlm.nih.gov/nuccore/KC771255.1?report=genbank,MITOGENOME_FEATURE,16S ribosomal RNA,
109,Anser anser domesticus,,8843,Anas anser,EU932689.1,1127,2737,1,1610,NCBI_nuccore,https://www.ncbi.nlm.nih.gov/nuccore/EU932689.1,https://www.ncbi.nlm.nih.gov/nuccore/EU932689.1?report=genbank,MITOGENOME_FEATURE,16S ribosomal RNA,
112,Mareca strepera,,75861,Anas strepera,NC_045373.1,2171,3776,1,1605,NCBI_nuccore,https://www.ncbi.nlm.nih.gov/nuccore/NC_045373.1,https://www.ncbi.nlm.nih.gov/nuccore/NC_045373.1?report=genbank,MITOGENOME_FEATURE,16S ribosomal RNA,
113,Anser anser,,8843,Anas anser,EU932689.1,1127,2737,1,1610,NCBI_nuccore,https://www.ncbi.nlm.nih.gov/nuccore/EU932689.1,https://www.ncbi.nlm.nih.gov/nuccore/EU932689.1?report=genbank,MITOGENOME_FEATURE,16S ribosomal RNA,
114,Aythya marila,,189534,Anas marila,OR242844.1,2189,3793,1,1604,NCBI_nuccore,https://www.ncbi.nlm.nih.gov/nuccore/OR242844.1,https://www.ncbi.nlm.nih.gov/nuccore/OR242844.1?report=genbank,MITOGENOME_FEATURE,16S ribosomal RNA,
115,Anser albifrons,,50365,Anser albifrons,NC_039888.1,1126,2736,1,1610,NCBI_nuccore,https://www.ncbi.nlm.nih.gov/nuccore/NC_039888.1,https://www.ncbi.nlm.nih.gov/nuccore/NC_039888.1?report=genbank,MITOGENOME_FEATURE,16S ribosomal RNA,
116,Lophodytes cucullatus,,279951,Lophodytes cucullatus,MW849287.1,2211,3816,1,1605,NCBI_nuccore,https://www.ncbi.nlm.nih.gov/nuccore/MW849287.1,https://www.ncbi.nlm.nih.gov/nuccore/MW849287.1?report=genbank,MITOGENOME_FEATURE,16S ribosomal RNA,
119,Dendrocygna javanica,,60182,Anas javanica,FJ379296.1,4204,5812,1,1608,NCBI_nuccore,https://www.ncbi.nlm.nih.gov/nuccore/FJ379296.1,https://www.ncbi.nlm.nih.gov/nuccore/FJ379296.1?report=genbank,MITOGENOME_FEATURE,large subunit ribosomal RNA,
120,Anser erythropus,,132586,Anas erythropus,PQ448997.1,1127,2737,1,1610,NCBI_nuccore,https://www.ncbi.nlm.nih.gov/nuccore/PQ448997.1,https://www.ncbi.nlm.nih.gov/nuccore/PQ448997.1?report=genbank,MITOGENOME_FEATURE,16S ribosomal RNA,
121,Clangula hyemalis,,197941,Anas hyemalis,NC_088446.1,2208,3815,1,1607,NCBI_nuccore,https://www.ncbi.nlm.nih.gov/nuccore/NC_088446.1,https://www.ncbi.nlm.nih.gov/nuccore/NC_088446.1?report=genbank,MITOGENOME_FEATURE,16S ribosomal RNA,
122,Anas platyrhynchos,,8839,Anas boschas,PP546505.1,1126,2728,1,1602,NCBI_nuccore,https://www.ncbi.nlm.nih.gov/nuccore/PP546505.1,https://www.ncbi.nlm.nih.gov/nuccore/PP546505.1?report=genbank,MITOGENOME_FEATURE,16S ribosomal RNA,
123,Aix galericulata,,8832,Aix galericulata,KF437906.1,2208,3812,1,1604,NCBI_nuccore,https://www.ncbi.nlm.nih.gov/nuccore/KF437906.1,https://www.ncbi.nlm.nih.gov/nuccore/KF437906.1?report=genbank,MITOGENOME_FEATURE,16S ribosomal RNA,
124,Mareca penelope,,8838,Anas penelope,NC_050973.1,1125,2729,1,1604,NCBI_nuccore,https://www.ncbi.nlm.nih.gov/nuccore/NC_050973.1,https://www.ncbi.nlm.nih.gov/nuccore/NC_050973.1?report=genbank,MITOGENOME_FEATURE,16S ribosomal RNA,
126,Cairina moschata,,8855,Anas moschata,EU755254.1,2174,3781,1,1607,NCBI_nuccore,https://www.ncbi.nlm.nih.gov/nuccore/EU755254.1,https://www.ncbi.nlm.nih.gov/nuccore/EU755254.1?report=genbank,MITOGENOME_FEATURE,16S ribosomal RNA,
127,Cygnus olor,,8869,Anas olor,NC_027096.1,4192,5798,1,1606,NCBI_nuccore,https://www.ncbi.nlm.nih.gov/nuccore/NC_027096.1,https://www.ncbi.nlm.nih.gov/nuccore/NC_027096.1?report=genbank,MITOGENOME_FEATURE,16S ribosomal RNA,
128,Anas acuta,,28680,Anas acuta,OR242777.1,1127,2730,1,1603,NCBI_nuccore,https://www.ncbi.nlm.nih.gov/nuccore/OR242777.1,https://www.ncbi.nlm.nih.gov/nuccore/OR242777.1?report=genbank,MITOGENOME_FEATURE,16S ribosomal RNA,
129,Spatula clypeata,,75838,"Anas clypeata (Linnaeus, 1758)",OR243149.1,1126,2729,1,1603,NCBI_nuccore,https://www.ncbi.nlm.nih.gov/nuccore/OR243149.1,https://www.ncbi.nlm.nih.gov/nuccore/OR243149.1?report=genbank,MITOGENOME_FEATURE,16S ribosomal RNA,
130,Anas superciliosa,,45632,Anas superciliosa,PP929795.1,1128,2729,1,1601,NCBI_nuccore,https://www.ncbi.nlm.nih.gov/nuccore/PP929795.1,https://www.ncbi.nlm.nih.gov/nuccore/PP929795.1?report=genbank,MITOGENOME_FEATURE,16S ribosomal RNA,
131,Somateria mollissima v-nigrum,,3123372,Somateria mollissima v-nigrum,OR243133.1,2196,3798,1,1602,NCBI_nuccore,https://www.ncbi.nlm.nih.gov/nuccore/OR243133.1,https://www.ncbi.nlm.nih.gov/nuccore/OR243133.1?report=genbank,MITOGENOME_FEATURE,16S ribosomal RNA,
132,Mareca americana,,75832,Anas americana,NC_088449.1,1125,2729,1,1604,NCBI_nuccore,https://www.ncbi.nlm.nih.gov/nuccore/NC_088449.1,https://www.ncbi.nlm.nih.gov/nuccore/NC_088449.1?report=genbank,MITOGENOME_FEATURE,16S ribosomal RNA,
135,Mergus serrator,,8879,Mergus serrator,MZ365040.1,1137,2737,1,1600,NCBI_nuccore,https://www.ncbi.nlm.nih.gov/nuccore/MZ365040.1,https://www.ncbi.nlm.nih.gov/nuccore/MZ365040.1?report=genbank,MITOGENOME_FEATURE,16S ribosomal RNA,
137,Netta rufina,,30387,Anas rufina,NC_024922.1,1123,2731,1,1608,NCBI_nuccore,https://www.ncbi.nlm.nih.gov/nuccore/NC_024922.1,https://www.ncbi.nlm.nih.gov/nuccore/NC_024922.1?report=genbank,MITOGENOME_FEATURE,16S ribosomal RNA,
138,Aythya americana,,30385,Aristonetta americana,NC_000877.1,2189,3793,1,1604,NCBI_nuccore,https://www.ncbi.nlm.nih.gov/nuccore/NC_000877.1,https://www.ncbi.nlm.nih.gov/nuccore/NC_000877.1?report=genbank,MITOGENOME_FEATURE,16S ribosomal RNA,
140,Callonetta leucophrys,,75871,Anas leucophrys,PV491611.1,1132,2738,1,1606,NCBI_nuccore,https://www.ncbi.nlm.nih.gov/nuccore/PV491611.1,https://www.ncbi.nlm.nih.gov/nuccore/PV491611.1?report=genbank,MITOGENOME_FEATURE,16S ribosomal RNA,
142,Tadorna ferruginea,,45639,Anas ferruginea,KF684946.1,2200,3810,1,1610,NCBI_nuccore,https://www.ncbi.nlm.nih.gov/nuccore/KF684946.1,https://www.ncbi.nlm.nih.gov/nuccore/KF684946.1?report=genbank,MITOGENOME_FEATURE,16S ribosomal RNA,
145,Somateria fischeri,,50367,Arctonetta fischeri,MW849290.1,2196,3797,1,1601,NCBI_nuccore,https://www.ncbi.nlm.nih.gov/nuccore/MW849290.1,https://www.ncbi.nlm.nih.gov/nuccore/MW849290.1?report=genbank,MITOGENOME_FEATURE,16S ribosomal RNA,
146,Anas poecilorhyncha,,75854,Anas poecilorhyncha,OR269155.1,1126,2729,1,1603,NCBI_nuccore,https://www.ncbi.nlm.nih.gov/nuccore/OR269155.1,https://www.ncbi.nlm.nih.gov/nuccore/OR269155.1?report=genbank,MITOGENOME_FEATURE,16S ribosomal RNA,
147,Melanitta stejnegeri,,3150127,Melanitta stejnegeri,PP990569.1,2208,3810,1,1602,NCBI_nuccore,https://www.ncbi.nlm.nih.gov/nuccore/PP990569.1,https://www.ncbi.nlm.nih.gov/nuccore/PP990569.1?report=genbank,MITOGENOME_FEATURE,16S ribosomal RNA,
148,Melanitta perspicillata,,371863,Anas perspicillata,MW849280.1,2208,3808,1,1600,NCBI_nuccore,https://www.ncbi.nlm.nih.gov/nuccore/MW849280.1,https://www.ncbi.nlm.nih.gov/nuccore/MW849280.1?report=genbank,MITOGENOME_FEATURE,16S ribosomal RNA,
149,Anser cygnoides,,8845,Anas cygnoid,NC_023832.1,2302,3912,1,1610,NCBI_nuccore,https://www.ncbi.nlm.nih.gov/nuccore/NC_023832.1,https://www.ncbi.nlm.nih.gov/nuccore/NC_023832.1?report=genbank,MITOGENOME_FEATURE,16S ribosomal RNA,
151,Aythya fuligula,,219594,Anas fuligula,OQ979258.1,1125,2728,1,1603,NCBI_nuccore,https://www.ncbi.nlm.nih.gov/nuccore/OQ979258.1,https://www.ncbi.nlm.nih.gov/nuccore/OQ979258.1?report=genbank,MITOGENOME_FEATURE,16S ribosomal RNA,
152,Cygnus columbianus,,110926,Anas columbianus,KF800698.1,2281,3890,1,1609,NCBI_nuccore,https://www.ncbi.nlm.nih.gov/nuccore/KF800698.1,https://www.ncbi.nlm.nih.gov/nuccore/KF800698.1?report=genbank,MITOGENOME_FEATURE,16S ribosomal RNA,
155,Melanitta deglandi,,2830144,Melanitta deglandi,MW849279.1,2222,3824,1,1602,NCBI_nuccore,https://www.ncbi.nlm.nih.gov/nuccore/MW849279.1,https://www.ncbi.nlm.nih.gov/nuccore/MW849279.1?report=genbank,MITOGENOME_FEATURE,16S ribosomal RNA,
156,Cygnus cygnus,,219595,Anas cygnus,NC_027095.1,4181,5789,1,1608,NCBI_nuccore,https://www.ncbi.nlm.nih.gov/nuccore/NC_027095.1,https://www.ncbi.nlm.nih.gov/nuccore/NC_027095.1?report=genbank,MITOGENOME_FEATURE,16S ribosomal RNA,
160,Dromaius novaehollandiae,,8790,Casuarius novaehollandiae,NC_002784.1,1107,2703,1,1596,NCBI_nuccore,https://www.ncbi.nlm.nih.gov/nuccore/NC_002784.1,https://www.ncbi.nlm.nih.gov/nuccore/NC_002784.1?report=genbank,MITOGENOME_FEATURE,16S ribosomal RNA,
161,Coragyps atratus,,33614,Coragyps atratus,NC_063525.1,1113,2721,1,1608,NCBI_nuccore,https://www.ncbi.nlm.nih.gov/nuccore/NC_063525.1,https://www.ncbi.nlm.nih.gov/nuccore/NC_063525.1?report=genbank,MITOGENOME_FEATURE,16S ribosomal RNA,
162,Gymnogyps californianus,,33616,Gymnogyps californianus,BK059163.1,2373,3976,1,1603,NCBI_nuccore,https://www.ncbi.nlm.nih.gov/nuccore/BK059163.1,https://www.ncbi.nlm.nih.gov/nuccore/BK059163.1?report=genbank,MITOGENOME_FEATURE,16S ribosomal RNA,rrnL
163,Sarcoramphus papa,,43583,Sarcoramphus papa,NC_063527.1,1113,2715,1,1602,NCBI_nuccore,https://www.ncbi.nlm.nih.gov/nuccore/NC_063527.1,https://www.ncbi.nlm.nih.gov/nuccore/NC_063527.1?report=genbank,MITOGENOME_FEATURE,16S ribosomal RNA,
164,Cathartes aura,,43455,Cathartes aura,AY463690.1,1114,2720,1,1606,NCBI_nuccore,https://www.ncbi.nlm.nih.gov/nuccore/AY463690.1,https://www.ncbi.nlm.nih.gov/nuccore/AY463690.1?report=genbank,MITOGENOME_FEATURE,16S ribosomal RNA,
166,Sterna paradisaea,,279953,Sterna paradisaea,NC_045282.1,1111,2707,1,1596,NCBI_nuccore,https://www.ncbi.nlm.nih.gov/nuccore/NC_045282.1,https://www.ncbi.nlm.nih.gov/nuccore/NC_045282.1?report=genbank,MITOGENOME_FEATURE,16S ribosomal RNA,
167,Fratercula arctica,,28701,Alca arctica,DQ385296.1,0,1596,1,1596,NCBI_nuccore,https://www.ncbi.nlm.nih.gov/nuccore/DQ385296.1,https://www.ncbi.nlm.nih.gov/nuccore/DQ385296.1?report=genbank,DIRECT_16S_GENE,16S ribosomal RNA,
170,Chroicocephalus ridibundus,,1192867,Chroicocephalus ridibundus,NC_025649.1,1107,2711,1,1604,NCBI_nuccore,https://www.ncbi.nlm.nih.gov/nuccore/NC_025649.1,https://www.ncbi.nlm.nih.gov/nuccore/NC_025649.1?report=genbank,MITOGENOME_FEATURE,16S ribosomal RNA,
171,Rissa tridactyla,,75485,Larus tridactylus,NC_082066.1,2312,3877,1,1565,NCBI_nuccore,https://www.ncbi.nlm.nih.gov/nuccore/NC_082066.1,https://www.ncbi.nlm.nih.gov/nuccore/NC_082066.1?report=genbank,MITOGENOME_FEATURE,16S ribosomal RNA,
172,Rynchops niger,,227184,Rynchops niger,DQ674605.1,0,1610,1,1610,NCBI_nuccore,https://www.ncbi.nlm.nih.gov/nuccore/DQ674605.1,https://www.ncbi.nlm.nih.gov/nuccore/DQ674605.1?report=genbank,DIRECT_16S_GENE,16S ribosomal RNA,
174,Larus crassirostris,,179808,Larus crassirostris,NC_025556.1,1107,2075,1,968,NCBI_nuccore,https://www.ncbi.nlm.nih.gov/nuccore/NC_025556.1,https://www.ncbi.nlm.nih.gov/nuccore/NC_025556.1?report=genbank,MITOGENOME_FEATURE,16S ribosomal RNA,
175,Arenaria melanocephala,,279931,Arenaria melanocephala,NC_088445.1,2284,3879,1,1595,NCBI_nuccore,https://www.ncbi.nlm.nih.gov/nuccore/NC_088445.1,https://www.ncbi.nlm.nih.gov/nuccore/NC_088445.1?report=genbank,MITOGENOME_FEATURE,16S ribosomal RNA,
176,Himantopus himantopus,,225398,Charadrius himantopus,NC_035423.1,1119,2710,1,1591,NCBI_nuccore,https://www.ncbi.nlm.nih.gov/nuccore/NC_035423.1,https://www.ncbi.nlm.nih.gov/nuccore/NC_035423.1?report=genbank,MITOGENOME_FEATURE,16S ribosomal RNA,
177,Haematopus ater,,185689,Haematopus ater,NC_003713.2,1109,2698,1,1589,NCBI_nuccore,https://www.ncbi.nlm.nih.gov/nuccore/NC_003713.2,https://www.ncbi.nlm.nih.gov/nuccore/NC_003713.2?report=genbank,MITOGENOME_FEATURE,16S ribosomal RNA,
179,Chroicocephalus brunnicephalus,,2772041,Chroicocephalus brunnicephalus,NC_050864.1,1107,2701,1,1594,NCBI_nuccore,https://www.ncbi.nlm.nih.gov/nuccore/NC_050864.1,https://www.ncbi.nlm.nih.gov/nuccore/NC_050864.1?report=genbank,MITOGENOME_FEATURE,16S ribosomal RNA,
181,Hydroprogne caspia,,425641,Hydroprogne caspia,DQ674607.1,0,1593,1,1593,NCBI_nuccore,https://www.ncbi.nlm.nih.gov/nuccore/DQ674607.1,https://www.ncbi.nlm.nih.gov/nuccore/DQ674607.1?report=genbank,DIRECT_16S_GENE,16S ribosomal RNA,
183,Uria aalge,,13746,Colymbus aalge,OR243185.1,1110,2714,1,1604,NCBI_nuccore,https://www.ncbi.nlm.nih.gov/nuccore/OR243185.1,https://www.ncbi.nlm.nih.gov/nuccore/OR243185.1?report=genbank,MITOGENOME_FEATURE,16S ribosomal RNA,
184,Actitis hypoleucos,,320702,Actitis hypoleucos,PP727181.1,1116,2706,1,1590,NCBI_nuccore,https://www.ncbi.nlm.nih.gov/nuccore/PP727181.1,https://www.ncbi.nlm.nih.gov/nuccore/PP727181.1?report=genbank,MITOGENOME_FEATURE,16S ribosomal RNA,
185,Sterna hirundo,,108405,Sterna hirundo,NC_036345.1,1111,2707,1,1596,NCBI_nuccore,https://www.ncbi.nlm.nih.gov/nuccore/NC_036345.1,https://www.ncbi.nlm.nih.gov/nuccore/NC_036345.1?report=genbank,MITOGENOME_FEATURE,16S ribosomal RNA,
187,Alle alle,,28691,Alca alle,EF380283.1,0,1003,1,1003,NCBI_nuccore,https://www.ncbi.nlm.nih.gov/nuccore/EF380283.1,https://www.ncbi.nlm.nih.gov/nuccore/EF380283.1?report=genbank,DIRECT_16S_GENE,16S ribosomal RNA,
188,Calidris alpina,,8919,Calidris alpina,NC_060626.1,1112,2711,1,1599,NCBI_nuccore,https://www.ncbi.nlm.nih.gov/nuccore/NC_060626.1,https://www.ncbi.nlm.nih.gov/nuccore/NC_060626.1?report=genbank,MITOGENOME_FEATURE,16S ribosomal RNA,
190,Haematopus ostralegus,,31908,Haematopus ostralegus,NC_034237.1,1112,2699,1,1587,NCBI_nuccore,https://www.ncbi.nlm.nih.gov/nuccore/NC_034237.1,https://www.ncbi.nlm.nih.gov/nuccore/NC_034237.1?report=genbank,MITOGENOME_FEATURE,16S ribosomal RNA,
191,Larus argentatus,,35669,Larus argentatus,FJ465237.1,0,479,1,479,NCBI_nuccore,https://www.ncbi.nlm.nih.gov/nuccore/FJ465237.1,https://www.ncbi.nlm.nih.gov/nuccore/FJ465237.1?report=genbank,DIRECT_16S_GENE,16S ribosomal RNA,
198,Tringa melanoleuca,,161682,Scolopax melanoleuca,NC_088456.1,1112,2710,1,1598,NCBI_nuccore,https://www.ncbi.nlm.nih.gov/nuccore/NC_088456.1,https://www.ncbi.nlm.nih.gov/nuccore/NC_088456.1?report=genbank,MITOGENOME_FEATURE,16S ribosomal RNA,
200,Larus glaucoides,,118194,Larus glaucoides,AF173566.1,1036,2630,1,1594,NCBI_nuccore,https://www.ncbi.nlm.nih.gov/nuccore/AF173566.1,https://www.ncbi.nlm.nih.gov/nuccore/AF173566.1?report=genbank,DIRECT_16S_GENE,16S ribosomal RNA,
203,Larus dominicanus,,37036,Larus dominicanus,AY293619.1,1107,2704,1,1597,NCBI_nuccore,https://www.ncbi.nlm.nih.gov/nuccore/AY293619.1,https://www.ncbi.nlm.nih.gov/nuccore/AY293619.1?report=genbank,MITOGENOME_FEATURE,16S ribosomal RNA,
204,Leucophaeus atricilla,,126679,Larus atricilla,DQ485833.1,0,1595,1,1595,NCBI_nuccore,https://www.ncbi.nlm.nih.gov/nuccore/DQ485833.1,https://www.ncbi.nlm.nih.gov/nuccore/DQ485833.1?report=genbank,DIRECT_16S_GENE,16S ribosomal RNA,
206,Stercorarius longicaudus,,54058,Stercorarius longicaudus,NC_071238.1,14713,16308,1,1595,NCBI_nuccore,https://www.ncbi.nlm.nih.gov/nuccore/NC_071238.1,https://www.ncbi.nlm.nih.gov/nuccore/NC_071238.1?report=genbank,MITOGENOME_FEATURE,16S ribosomal RNA,rrn16
207,Stercorarius parasiticus,,54059,Larus parasiticus,NC_052780.1,1119,2716,1,1597,NCBI_nuccore,https://www.ncbi.nlm.nih.gov/nuccore/NC_052780.1,https://www.ncbi.nlm.nih.gov/nuccore/NC_052780.1?report=genbank,MITOGENOME_FEATURE,16S ribosomal RNA,
208,Pluvialis dominica,,240205,Charadrius dominicius,DQ674600.1,0,1590,1,1590,NCBI_nuccore,https://www.ncbi.nlm.nih.gov/nuccore/DQ674600.1,https://www.ncbi.nlm.nih.gov/nuccore/DQ674600.1?report=genbank,DIRECT_16S_GENE,16S ribosomal RNA,
209,Alca torda,,28689,Alca torda,EF380281.1,0,1005,1,1005,NCBI_nuccore,https://www.ncbi.nlm.nih.gov/nuccore/EF380281.1,https://www.ncbi.nlm.nih.gov/nuccore/EF380281.1?report=genbank,DIRECT_16S_GENE,16S ribosomal RNA,
210,Larus brunnicephalus,,2772041,Chroicocephalus brunnicephalus,NC_050864.1,1107,2701,1,1594,NCBI_nuccore,https://www.ncbi.nlm.nih.gov/nuccore/NC_050864.1,https://www.ncbi.nlm.nih.gov/nuccore/NC_050864.1?report=genbank,MITOGENOME_FEATURE,16S ribosomal RNA,
211,Phalaropus lobatus,,240204,Phalaropus lobatus,KY765409.1,1115,2712,1,1597,NCBI_nuccore,https://www.ncbi.nlm.nih.gov/nuccore/KY765409.1,https://www.ncbi.nlm.nih.gov/nuccore/KY765409.1?report=genbank,MITOGENOME_FEATURE,16S ribosomal RNA,
214,Thalasseus maximus,,555356,Sterna maxima,DQ674609.1,0,1595,1,1595,NCBI_nuccore,https://www.ncbi.nlm.nih.gov/nuccore/DQ674609.1,https://www.ncbi.nlm.nih.gov/nuccore/DQ674609.1?report=genbank,DIRECT_16S_GENE,16S ribosomal RNA,
215,Arenaria interpres,,54971,Arenaria interpres,NC_003712.2,2284,3879,1,1595,NCBI_nuccore,https://www.ncbi.nlm.nih.gov/nuccore/NC_003712.2,https://www.ncbi.nlm.nih.gov/nuccore/NC_003712.2?report=genbank,MITOGENOME_FEATURE,16S ribosomal RNA,
217,Calidris alba,,279936,Calidris alba,NC_060627.1,1112,2707,1,1595,NCBI_nuccore,https://www.ncbi.nlm.nih.gov/nuccore/NC_060627.1,https://www.ncbi.nlm.nih.gov/nuccore/NC_060627.1?report=genbank,MITOGENOME_FEATURE,16S ribosomal RNA,
224,Stercorarius maccormicki,,395889,Catharacta maccormicki,NC_026125.1,12396,13994,1,1598,NCBI_nuccore,https://www.ncbi.nlm.nih.gov/nuccore/NC_026125.1,https://www.ncbi.nlm.nih.gov/nuccore/NC_026125.1?report=genbank,MITOGENOME_FEATURE,16S ribosomal RNA,
225,Calidris pygmaea,,425635,Calidris pygmaea,NC_027496.1,1116,2712,1,1596,NCBI_nuccore,https://www.ncbi.nlm.nih.gov/nuccore/NC_027496.1,https://www.ncbi.nlm.nih.gov/nuccore/NC_027496.1?report=genbank,MITOGENOME_FEATURE,16S ribosomal RNA,
229,Larus occidentalis,,126713,Larus occidentalis,DQ674604.1,0,1596,1,1596,NCBI_nuccore,https://www.ncbi.nlm.nih.gov/nuccore/DQ674604.1,https://www.ncbi.nlm.nih.gov/nuccore/DQ674604.1?report=genbank,DIRECT_16S_GENE,16S ribosomal RNA,
232,Tringa semipalmata,,507600,Catoptrophorus semipalmatus,NC_036016.1,1179,2771,1,1592,NCBI_nuccore,https://www.ncbi.nlm.nih.gov/nuccore/NC_036016.1,https://www.ncbi.nlm.nih.gov/nuccore/NC_036016.1?report=genbank,MITOGENOME_FEATURE,large subunit ribosomal RNA,rnl
233,Mycteria americana,,33587,Mycteria americana,DQ485835.1,0,1598,1,1598,NCBI_nuccore,https://www.ncbi.nlm.nih.gov/nuccore/DQ485835.1,https://www.ncbi.nlm.nih.gov/nuccore/DQ485835.1?report=genbank,DIRECT_16S_GENE,16S ribosomal RNA,
236,Columba livia,,8932,Columba domestica,AF173585.1,1043,2638,1,1595,NCBI_nuccore,https://www.ncbi.nlm.nih.gov/nuccore/AF173585.1,https://www.ncbi.nlm.nih.gov/nuccore/AF173585.1?report=genbank,DIRECT_16S_GENE,16S ribosomal RNA,
237,Columba livia domestica,,8932,Columba domestica,AF173585.1,1043,2638,1,1595,NCBI_nuccore,https://www.ncbi.nlm.nih.gov/nuccore/AF173585.1,https://www.ncbi.nlm.nih.gov/nuccore/AF173585.1?report=genbank,DIRECT_16S_GENE,16S ribosomal RNA,
238,Streptopelia decaocto,,177147,Streptopelia decaocto,NC_037513.1,1114,2704,1,1590,NCBI_nuccore,https://www.ncbi.nlm.nih.gov/nuccore/NC_037513.1,https://www.ncbi.nlm.nih.gov/nuccore/NC_037513.1?report=genbank,MITOGENOME_FEATURE,16S ribosomal RNA,
239,Zenaida macroura,,47245,Columba macroura,NC_031863.1,1113,2707,1,1594,NCBI_nuccore,https://www.ncbi.nlm.nih.gov/nuccore/NC_031863.1,https://www.ncbi.nlm.nih.gov/nuccore/NC_031863.1?report=genbank,MITOGENOME_FEATURE,16S ribosomal RNA,
240,Streptopelia turtur,,177155,Columba Tturtur,KC984248.1,0,216,1,216,NCBI_nuccore,https://www.ncbi.nlm.nih.gov/nuccore/KC984248.1,https://www.ncbi.nlm.nih.gov/nuccore/KC984248.1?report=genbank,DIRECT_16S_GENE,16S ribosomal RNA,
241,Falco sparverius,,56350,Cerchneis sparveria,DQ780880.1,1131,2730,1,1599,NCBI_nuccore,https://www.ncbi.nlm.nih.gov/nuccore/DQ780880.1,https://www.ncbi.nlm.nih.gov/nuccore/DQ780880.1?report=genbank,MITOGENOME_FEATURE,16S ribosomal RNA,
242,Falco tinnunculus,,100819,Falco tinnunculus,EU196361.1,1123,2719,1,1596,NCBI_nuccore,https://www.ncbi.nlm.nih.gov/nuccore/EU196361.1,https://www.ncbi.nlm.nih.gov/nuccore/EU196361.1?report=genbank,MITOGENOME_FEATURE,16S ribosomal RNA,
243,Caracara plancus,,8951,Caracara plancus,NC_044673.1,1115,2725,1,1610,NCBI_nuccore,https://www.ncbi.nlm.nih.gov/nuccore/NC_044673.1,https://www.ncbi.nlm.nih.gov/nuccore/NC_044673.1?report=genbank,MITOGENOME_FEATURE,16S ribosomal RNA,
244,Falco rusticolus,,120794,Falco rusticolus,NC_029359.1,1129,2728,1,1599,NCBI_nuccore,https://www.ncbi.nlm.nih.gov/nuccore/NC_029359.1,https://www.ncbi.nlm.nih.gov/nuccore/NC_029359.1?report=genbank,MITOGENOME_FEATURE,16S ribosomal RNA,
246,Falco naumanni,,148594,Falco naumanni,KM251414.1,990,2590,1,1600,NCBI_nuccore,https://www.ncbi.nlm.nih.gov/nuccore/KM251414.1,https://www.ncbi.nlm.nih.gov/nuccore/KM251414.1?report=genbank,MITOGENOME_FEATURE,16S ribosomal RNA,
247,Falco columbarius,,8953,Falco columbarius,NC_025579.1,1123,2718,1,1595,NCBI_nuccore,https://www.ncbi.nlm.nih.gov/nuccore/NC_025579.1,https://www.ncbi.nlm.nih.gov/nuccore/NC_025579.1?report=genbank,MITOGENOME_FEATURE,16S ribosomal RNA,
248,Falco peregrinus,,8954,Falco peregrinus,NC_000878.1,1125,2724,1,1599,NCBI_nuccore,https://www.ncbi.nlm.nih.gov/nuccore/NC_000878.1,https://www.ncbi.nlm.nih.gov/nuccore/NC_000878.1?report=genbank,MITOGENOME_FEATURE,16S ribosomal RNA,
250,Falco cherrug,,345164,Falco cherrug,NC_026715.1,1128,2727,1,1599,NCBI_nuccore,https://www.ncbi.nlm.nih.gov/nuccore/NC_026715.1,https://www.ncbi.nlm.nih.gov/nuccore/NC_026715.1?report=genbank,MITOGENOME_FEATURE,16S ribosomal RNA,
251,Colinus virginianus,,9014,Colinus virginianus,MN356396.1,1127,2746,1,1619,NCBI_nuccore,https://www.ncbi.nlm.nih.gov/nuccore/MN356396.1,https://www.ncbi.nlm.nih.gov/nuccore/MN356396.1?report=genbank,MITOGENOME_FEATURE,16S ribosomal RNA,
252,Gallus gallus domesticus,,9031,Gallus domesticus,LC804335.1,1118,2741,1,1623,NCBI_nuccore,https://www.ncbi.nlm.nih.gov/nuccore/LC804335.1,https://www.ncbi.nlm.nih.gov/nuccore/LC804335.1?report=genbank,MITOGENOME_FEATURE,16S ribosomal RNA,
254,Alectoris chukar,,9078,Alectoris chukar,FJ752426.1,2258,3876,1,1618,NCBI_nuccore,https://www.ncbi.nlm.nih.gov/nuccore/FJ752426.1,https://www.ncbi.nlm.nih.gov/nuccore/FJ752426.1?report=genbank,MITOGENOME_FEATURE,16S ribosomal RNA,
255,Phasianus colchicus,,9054,Phasianus colchicus,NC_015526.1,2255,3877,1,1622,NCBI_nuccore,https://www.ncbi.nlm.nih.gov/nuccore/NC_015526.1,https://www.ncbi.nlm.nih.gov/nuccore/NC_015526.1?report=genbank,MITOGENOME_FEATURE,16S ribosomal RNA,
257,Coturnix japonica,,93934,Coturnix coturnix Japonicus,NC_003408.1,2267,3882,1,1615,NCBI_nuccore,https://www.ncbi.nlm.nih.gov/nuccore/NC_003408.1,https://www.ncbi.nlm.nih.gov/nuccore/NC_003408.1?report=genbank,MITOGENOME_FEATURE,16S ribosomal RNA,
258,Chrysolophus amherstiae,,9088,Chrysolophus amherstiae,MW880933.1,2259,3865,1,1606,NCBI_nuccore,https://www.ncbi.nlm.nih.gov/nuccore/MW880933.1,https://www.ncbi.nlm.nih.gov/nuccore/MW880933.1?report=genbank,MITOGENOME_FEATURE,16S ribosomal RNA,
259,Numida meleagris,,8996,Numida meleagris,NC_034374.1,1815,3439,1,1624,NCBI_nuccore,https://www.ncbi.nlm.nih.gov/nuccore/NC_034374.1,https://www.ncbi.nlm.nih.gov/nuccore/NC_034374.1?report=genbank,MITOGENOME_FEATURE,16S ribosomal RNA,
260,Pavo cristatus,,9049,Pavo cristatus,KF444060.1,2265,3872,1,1607,NCBI_nuccore,https://www.ncbi.nlm.nih.gov/nuccore/KF444060.1,https://www.ncbi.nlm.nih.gov/nuccore/KF444060.1?report=genbank,MITOGENOME_FEATURE,16S ribosomal RNA,
261,Pavo muticus,,9050,Pavo muticus,EU417811.1,2274,3883,1,1609,NCBI_nuccore,https://www.ncbi.nlm.nih.gov/nuccore/EU417811.1,https://www.ncbi.nlm.nih.gov/nuccore/EU417811.1?report=genbank,MITOGENOME_FEATURE,16S ribosomal RNA,
264,Bonasa umbellus,,9000,Bonasa umbellus,PV132445.1,1126,2717,1,1591,NCBI_nuccore,https://www.ncbi.nlm.nih.gov/nuccore/PV132445.1,https://www.ncbi.nlm.nih.gov/nuccore/PV132445.1?report=genbank,MITOGENOME_FEATURE,16S ribosomal RNA,
265,Lophura nycthemera,,9046,Gennaeus nycthemerus,EU417810.1,2255,3864,1,1609,NCBI_nuccore,https://www.ncbi.nlm.nih.gov/nuccore/EU417810.1,https://www.ncbi.nlm.nih.gov/nuccore/EU417810.1?report=genbank,MITOGENOME_FEATURE,16S ribosomal RNA,
266,Gavia immer,,37039,Colymbus immer,AF173577.1,1047,2657,1,1610,NCBI_nuccore,https://www.ncbi.nlm.nih.gov/nuccore/AF173577.1,https://www.ncbi.nlm.nih.gov/nuccore/AF173577.1?report=genbank,DIRECT_16S_GENE,16S ribosomal RNA,
267,Gavia pacifica,,85097,Colymbus pacificus,MK342599.1,1112,2722,1,1610,NCBI_nuccore,https://www.ncbi.nlm.nih.gov/nuccore/MK342599.1,https://www.ncbi.nlm.nih.gov/nuccore/MK342599.1?report=genbank,MITOGENOME_FEATURE,16S ribosomal RNA,
268,Gavia stellata,,37040,Colymbus stellatus,OR242925.1,1121,2730,1,1609,NCBI_nuccore,https://www.ncbi.nlm.nih.gov/nuccore/OR242925.1,https://www.ncbi.nlm.nih.gov/nuccore/OR242925.1?report=genbank,MITOGENOME_FEATURE,16S ribosomal RNA,
269,Fulica americana,,81903,Fulica americana,DQ485863.1,0,1575,1,1575,NCBI_nuccore,https://www.ncbi.nlm.nih.gov/nuccore/DQ485863.1,https://www.ncbi.nlm.nih.gov/nuccore/DQ485863.1?report=genbank,DIRECT_16S_GENE,16S ribosomal RNA,
270,Grus grus,,40816,Ardea grus,DQ485847.1,0,1596,1,1596,NCBI_nuccore,https://www.ncbi.nlm.nih.gov/nuccore/DQ485847.1,https://www.ncbi.nlm.nih.gov/nuccore/DQ485847.1?report=genbank,DIRECT_16S_GENE,16S ribosomal RNA,
271,Balearica regulorum,,925459,AnthropoiÌˆdes regulorum,DQ485839.1,0,1598,1,1598,NCBI_nuccore,https://www.ncbi.nlm.nih.gov/nuccore/DQ485839.1,https://www.ncbi.nlm.nih.gov/nuccore/DQ485839.1?report=genbank,DIRECT_16S_GENE,16S ribosomal RNA,
272,Grus monacha,,40818,Grus monacha,LC541480.1,4131,5729,1,1598,NCBI_nuccore,https://www.ncbi.nlm.nih.gov/nuccore/LC541480.1,https://www.ncbi.nlm.nih.gov/nuccore/LC541480.1?report=genbank,MITOGENOME_FEATURE,16S ribosomal RNA,
273,Antigone canadensis,,1977160,Antigone canadensis,DQ485853.1,0,1598,1,1598,NCBI_nuccore,https://www.ncbi.nlm.nih.gov/nuccore/DQ485853.1,https://www.ncbi.nlm.nih.gov/nuccore/DQ485853.1?report=genbank,DIRECT_16S_GENE,16S ribosomal RNA,
274,Rallus limicola,,156759,Rallus limicola,KC614031.1,0,968,1,968,NCBI_nuccore,https://www.ncbi.nlm.nih.gov/nuccore/KC614031.1,https://www.ncbi.nlm.nih.gov/nuccore/KC614031.1?report=genbank,DIRECT_16S_GENE,16S ribosomal RNA,
276,Corvus brachyrhynchos,,85066,Corvus brachyrhynchos,NC_026461.1,1117,2718,1,1601,NCBI_nuccore,https://www.ncbi.nlm.nih.gov/nuccore/NC_026461.1,https://www.ncbi.nlm.nih.gov/nuccore/NC_026461.1?report=genbank,MITOGENOME_FEATURE,16S ribosomal RNA,rrnL
277,Turdus migratorius,,9188,Turdus migratorius,NC_024872.1,1113,2703,1,1590,NCBI_nuccore,https://www.ncbi.nlm.nih.gov/nuccore/NC_024872.1,https://www.ncbi.nlm.nih.gov/nuccore/NC_024872.1?report=genbank,MITOGENOME_FEATURE,16S ribosomal RNA,
278,Pica hudsonia,,158052,Corvus hudsonius,OQ076680.1,1117,2720,1,1603,NCBI_nuccore,https://www.ncbi.nlm.nih.gov/nuccore/OQ076680.1,https://www.ncbi.nlm.nih.gov/nuccore/OQ076680.1?report=genbank,MITOGENOME_FEATURE,16S ribosomal RNA,
279,Cyanocitta cristata,,28727,Corvus cristatus,KM042914.1,0,459,1,459,NCBI_nuccore,https://www.ncbi.nlm.nih.gov/nuccore/KM042914.1,https://www.ncbi.nlm.nih.gov/nuccore/KM042914.1?report=genbank,DIRECT_16S_GENE,16S ribosomal RNA,
280,Corvus corone,,30422,Corvus corone,MK714020.1,1117,2718,1,1601,NCBI_nuccore,https://www.ncbi.nlm.nih.gov/nuccore/MK714020.1,https://www.ncbi.nlm.nih.gov/nuccore/MK714020.1?report=genbank,MITOGENOME_FEATURE,16S ribosomal RNA,
283,Quiscalus quiscula,,84782,Gracula quiscula,OP609734.1,1117,2717,1,1600,NCBI_nuccore,https://www.ncbi.nlm.nih.gov/nuccore/OP609734.1,https://www.ncbi.nlm.nih.gov/nuccore/OP609734.1?report=genbank,MITOGENOME_FEATURE,16S ribosomal RNA,
284,Corvus corax,,56781,Corvus corax,NC_034838.1,1118,2719,1,1601,NCBI_nuccore,https://www.ncbi.nlm.nih.gov/nuccore/NC_034838.1,https://www.ncbi.nlm.nih.gov/nuccore/NC_034838.1?report=genbank,MITOGENOME_FEATURE,16S ribosomal RNA,
285,Corvus ossifragus,,349685,Corvus ossifragus,DQ191741.1,0,134,1,134,NCBI_nuccore,https://www.ncbi.nlm.nih.gov/nuccore/DQ191741.1,https://www.ncbi.nlm.nih.gov/nuccore/DQ191741.1?report=genbank,DIRECT_16S_GENE,16S ribosomal RNA,
286,Platylophus galericulatus,,205797,Corvus galericulatus,AY129272.1,0,135,1,135,NCBI_nuccore,https://www.ncbi.nlm.nih.gov/nuccore/AY129272.1,https://www.ncbi.nlm.nih.gov/nuccore/AY129272.1?report=genbank,DIRECT_16S_GENE,16S ribosomal RNA,
287,Junco hyemalis,,40217,Fringilla hyemalis,AF202782.1,0,489,1,489,NCBI_nuccore,https://www.ncbi.nlm.nih.gov/nuccore/AF202782.1,https://www.ncbi.nlm.nih.gov/nuccore/AF202782.1?report=genbank,DIRECT_16S_GENE,16S ribosomal RNA,
291,Turdus merula,,9187,Turdus merula,NC_028188.1,1112,2713,1,1601,NCBI_nuccore,https://www.ncbi.nlm.nih.gov/nuccore/NC_028188.1,https://www.ncbi.nlm.nih.gov/nuccore/NC_028188.1?report=genbank,MITOGENOME_FEATURE,16S ribosomal RNA,
292,Coloeus monedula,,30423,Coloeus monedula,FJ465207.1,0,481,1,481,NCBI_nuccore,https://www.ncbi.nlm.nih.gov/nuccore/FJ465207.1,https://www.ncbi.nlm.nih.gov/nuccore/FJ465207.1?report=genbank,DIRECT_16S_GENE,16S ribosomal RNA,
293,Garrulus glandarius,,56783,Corvus glandarius,JN018413.1,1117,2717,1,1600,NCBI_nuccore,https://www.ncbi.nlm.nih.gov/nuccore/JN018413.1,https://www.ncbi.nlm.nih.gov/nuccore/JN018413.1?report=genbank,MITOGENOME_FEATURE,16S ribosomal RNA,
294,Sturnus vulgaris,,9172,Sturnus vulgaris,NC_029360.1,1113,2712,1,1599,NCBI_nuccore,https://www.ncbi.nlm.nih.gov/nuccore/NC_029360.1,https://www.ncbi.nlm.nih.gov/nuccore/NC_029360.1?report=genbank,MITOGENOME_FEATURE,16S ribosomal RNA,
295,Turdus pilaris,,357736,Turdus pilaris,EU136703.1,0,558,1,558,NCBI_nuccore,https://www.ncbi.nlm.nih.gov/nuccore/EU136703.1,https://www.ncbi.nlm.nih.gov/nuccore/EU136703.1?report=genbank,DIRECT_16S_GENE,16S ribosomal RNA,
297,Parus major,,9157,Parus major,NC_040875.1,1119,2721,1,1602,NCBI_nuccore,https://www.ncbi.nlm.nih.gov/nuccore/NC_040875.1,https://www.ncbi.nlm.nih.gov/nuccore/NC_040875.1?report=genbank,MITOGENOME_FEATURE,16S ribosomal RNA,
298,Quiscalus mexicanus,,64278,Quiscalus mexicanus,NC_051021.1,1111,2708,1,1597,NCBI_nuccore,https://www.ncbi.nlm.nih.gov/nuccore/NC_051021.1,https://www.ncbi.nlm.nih.gov/nuccore/NC_051021.1?report=genbank,MITOGENOME_FEATURE,16S ribosomal RNA,
299,Gracula religiosa,,116992,Gracula religiosa,JF937590.1,1120,2721,1,1601,NCBI_nuccore,https://www.ncbi.nlm.nih.gov/nuccore/JF937590.1,https://www.ncbi.nlm.nih.gov/nuccore/JF937590.1?report=genbank,MITOGENOME_FEATURE,16S ribosomal RNA,
300,Corvus cornix,,181096,Corvus cornix,NC_062298.1,9292,10894,1,1602,NCBI_nuccore,https://www.ncbi.nlm.nih.gov/nuccore/NC_062298.1,https://www.ncbi.nlm.nih.gov/nuccore/NC_062298.1?report=genbank,MITOGENOME_FEATURE,16S ribosomal RNA,
301,Haemorhous mexicanus,,30427,Burrica mexicana,NC_025610.1,2355,3955,1,1600,NCBI_nuccore,https://www.ncbi.nlm.nih.gov/nuccore/NC_025610.1,https://www.ncbi.nlm.nih.gov/nuccore/NC_025610.1?report=genbank,MITOGENOME_FEATURE,16S ribosomal RNA,
302,Passer domesticus,,48849,Fringilla domestica,NC_025611.1,2311,3911,1,1600,NCBI_nuccore,https://www.ncbi.nlm.nih.gov/nuccore/NC_025611.1,https://www.ncbi.nlm.nih.gov/nuccore/NC_025611.1?report=genbank,MITOGENOME_FEATURE,16S ribosomal RNA,
303,Zosterops japonicus,,36299,Zosterops japonicus,NC_059932.1,1123,2722,1,1599,NCBI_nuccore,https://www.ncbi.nlm.nih.gov/nuccore/NC_059932.1,https://www.ncbi.nlm.nih.gov/nuccore/NC_059932.1?report=genbank,MITOGENOME_FEATURE,16S ribosomal RNA,
305,Emberiza cioides,,260902,Emberiza cioides,KF322027.1,1113,2705,1,1592,NCBI_nuccore,https://www.ncbi.nlm.nih.gov/nuccore/KF322027.1,https://www.ncbi.nlm.nih.gov/nuccore/KF322027.1?report=genbank,MITOGENOME_FEATURE,16S ribosomal RNA,
308,Pica pica,,34924,Corvus pica,OR243085.1,1118,2721,1,1603,NCBI_nuccore,https://www.ncbi.nlm.nih.gov/nuccore/OR243085.1,https://www.ncbi.nlm.nih.gov/nuccore/OR243085.1?report=genbank,MITOGENOME_FEATURE,16S ribosomal RNA,
309,Agelaius phoeniceus,,39638,Agelaius phoeniceus,MN356439.1,1112,2710,1,1598,NCBI_nuccore,https://www.ncbi.nlm.nih.gov/nuccore/MN356439.1,https://www.ncbi.nlm.nih.gov/nuccore/MN356439.1?report=genbank,MITOGENOME_FEATURE,16S ribosomal RNA,
310,Spodiopsar sericeus,,3151063,Spodiopsar sericeus,NC_014455.1,1118,2716,1,1598,NCBI_nuccore,https://www.ncbi.nlm.nih.gov/nuccore/NC_014455.1,https://www.ncbi.nlm.nih.gov/nuccore/NC_014455.1?report=genbank,MITOGENOME_FEATURE,16S ribosomal RNA,
311,Corvus frugilegus,,75140,Corvus frugilegus,NC_002069.2,1115,2716,1,1601,NCBI_nuccore,https://www.ncbi.nlm.nih.gov/nuccore/NC_002069.2,https://www.ncbi.nlm.nih.gov/nuccore/NC_002069.2?report=genbank,MITOGENOME_FEATURE,16S ribosomal RNA,16SrRNA
312,Regulus calendula,,73321,Corthylio calendula,NC_024866.1,1114,2710,1,1596,NCBI_nuccore,https://www.ncbi.nlm.nih.gov/nuccore/NC_024866.1,https://www.ncbi.nlm.nih.gov/nuccore/NC_024866.1?report=genbank,MITOGENOME_FEATURE,16S ribosomal RNA,
313,Lonchura punctulata,,414892,Lonchura punctulata,NC_028036.1,1122,2716,1,1594,NCBI_nuccore,https://www.ncbi.nlm.nih.gov/nuccore/NC_028036.1,https://www.ncbi.nlm.nih.gov/nuccore/NC_028036.1?report=genbank,MITOGENOME_FEATURE,16S ribosomal RNA,
316,Plectrophenax nivalis,,161627,Calcarius nivalis,KP877673.1,0,845,1,845,NCBI_nuccore,https://www.ncbi.nlm.nih.gov/nuccore/KP877673.1,https://www.ncbi.nlm.nih.gov/nuccore/KP877673.1?report=genbank,DIRECT_16S_GENE,16S ribosomal RNA,
317,Turdus philomelos,,127946,Turdus philomelos,NC_029147.1,1112,2712,1,1600,NCBI_nuccore,https://www.ncbi.nlm.nih.gov/nuccore/NC_029147.1,https://www.ncbi.nlm.nih.gov/nuccore/NC_029147.1?report=genbank,MITOGENOME_FEATURE,16S ribosomal RNA,
320,Passer montanus,,9160,Fringilla montana,NC_024821.1,1119,2719,1,1600,NCBI_nuccore,https://www.ncbi.nlm.nih.gov/nuccore/NC_024821.1,https://www.ncbi.nlm.nih.gov/nuccore/NC_024821.1?report=genbank,MITOGENOME_FEATURE,16S ribosomal RNA,
322,Nycticorax nycticorax,,8901,Ardea nycticorax,AF339358.1,1046,2643,1,1597,NCBI_nuccore,https://www.ncbi.nlm.nih.gov/nuccore/AF339358.1,https://www.ncbi.nlm.nih.gov/nuccore/AF339358.1?report=genbank,DIRECT_16S_GENE,16S ribosomal RNA,
323,Pelecanus occidentalis,,37043,Pelecanus occidentalis,AF173570.1,1045,2667,1,1622,NCBI_nuccore,https://www.ncbi.nlm.nih.gov/nuccore/AF173570.1,https://www.ncbi.nlm.nih.gov/nuccore/AF173570.1?report=genbank,DIRECT_16S_GENE,16S ribosomal RNA,
324,Theristicus caudatus,,399597,Scolopax caudatus,JF521877.1,0,595,1,595,NCBI_nuccore,https://www.ncbi.nlm.nih.gov/nuccore/JF521877.1,https://www.ncbi.nlm.nih.gov/nuccore/JF521877.1?report=genbank,DIRECT_16S_GENE,16S ribosomal RNA,
325,Bubulcus ibis,,110668,Ardea ibis,NC_025917.1,1113,2701,1,1588,NCBI_nuccore,https://www.ncbi.nlm.nih.gov/nuccore/NC_025917.1,https://www.ncbi.nlm.nih.gov/nuccore/NC_025917.1?report=genbank,MITOGENOME_FEATURE,16S ribosomal RNA,
327,Ardea alba,,110620,Ardea alba,JQ910200.1,0,550,1,550,NCBI_nuccore,https://www.ncbi.nlm.nih.gov/nuccore/JQ910200.1,https://www.ncbi.nlm.nih.gov/nuccore/JQ910200.1?report=genbank,DIRECT_16S_GENE,16S ribosomal RNA,
329,Egretta garzetta,,188379,Ardea garzetta,KJ192197.1,1111,2718,1,1607,NCBI_nuccore,https://www.ncbi.nlm.nih.gov/nuccore/KJ192197.1,https://www.ncbi.nlm.nih.gov/nuccore/KJ192197.1?report=genbank,MITOGENOME_FEATURE,16S ribosomal RNA,
332,Platalea ajaja,,371920,Ajaia ajaja,DQ674599.1,0,1599,1,1599,NCBI_nuccore,https://www.ncbi.nlm.nih.gov/nuccore/DQ674599.1,https://www.ncbi.nlm.nih.gov/nuccore/DQ674599.1?report=genbank,DIRECT_16S_GENE,16S ribosomal RNA,
334,Plegadis chihi,,302533,Numenius chihi,JQ910196.1,0,559,1,559,NCBI_nuccore,https://www.ncbi.nlm.nih.gov/nuccore/JQ910196.1,https://www.ncbi.nlm.nih.gov/nuccore/JQ910196.1?report=genbank,DIRECT_16S_GENE,16S ribosomal RNA,
335,Phoenicopterus roseus,,435638,Phoenicopterus roseus,EF532932.1,1114,2711,1,1597,NCBI_nuccore,https://www.ncbi.nlm.nih.gov/nuccore/EF532932.1,https://www.ncbi.nlm.nih.gov/nuccore/EF532932.1?report=genbank,MITOGENOME_FEATURE,16S ribosomal RNA,
339,Podiceps cristatus,,345573,Colymbus cristatus,AP009194.1,1039,2629,1,1590,NCBI_nuccore,https://www.ncbi.nlm.nih.gov/nuccore/AP009194.1,https://www.ncbi.nlm.nih.gov/nuccore/AP009194.1?report=genbank,MITOGENOME_FEATURE,16S ribosomal RNA,
341,Podiceps auritus,,37050,Colymbus auritus,AF173567.1,1040,2638,1,1598,NCBI_nuccore,https://www.ncbi.nlm.nih.gov/nuccore/AF173567.1,https://www.ncbi.nlm.nih.gov/nuccore/AF173567.1?report=genbank,DIRECT_16S_GENE,16S ribosomal RNA,
342,Tachybaptus ruficollis,,100828,Colymbus ruficollis,KJ913674.1,1106,2708,1,1602,NCBI_nuccore,https://www.ncbi.nlm.nih.gov/nuccore/KJ913674.1,https://www.ncbi.nlm.nih.gov/nuccore/KJ913674.1?report=genbank,MITOGENOME_FEATURE,16S ribosomal RNA,
344,Aechmophorus occidentalis,,57236,Aechmophorus occidentalis,AF339361.1,1038,2631,1,1593,NCBI_nuccore,https://www.ncbi.nlm.nih.gov/nuccore/AF339361.1,https://www.ncbi.nlm.nih.gov/nuccore/AF339361.1?report=genbank,DIRECT_16S_GENE,16S ribosomal RNA,
345,Ardenna gravis,,37051,Ardenna gravis,AF173572.1,1046,2630,1,1584,NCBI_nuccore,https://www.ncbi.nlm.nih.gov/nuccore/AF173572.1,https://www.ncbi.nlm.nih.gov/nuccore/AF173572.1?report=genbank,DIRECT_16S_GENE,16S ribosomal RNA,
346,Phoebastria immutabilis,,54020,Diomedea immutabilis,NC_026189.1,1113,2677,1,1564,NCBI_nuccore,https://www.ncbi.nlm.nih.gov/nuccore/NC_026189.1,https://www.ncbi.nlm.nih.gov/nuccore/NC_026189.1?report=genbank,MITOGENOME_FEATURE,16S ribosomal RNA,
351,Fulmarus glacialoides,,79629,Fulmarus glacialoides,OR771718.1,1113,2684,1,1571,NCBI_nuccore,https://www.ncbi.nlm.nih.gov/nuccore/OR771718.1,https://www.ncbi.nlm.nih.gov/nuccore/OR771718.1?report=genbank,MITOGENOME_FEATURE,16S ribosomal RNA,rrn16
352,Macronectes giganteus,,37057,Macronectes giganteus,NC_085213.1,1112,2705,1,1593,NCBI_nuccore,https://www.ncbi.nlm.nih.gov/nuccore/NC_085213.1,https://www.ncbi.nlm.nih.gov/nuccore/NC_085213.1?report=genbank,MITOGENOME_FEATURE,16S ribosomal RNA,rrn16
353,Diomedea exulans,,46550,Diomedea exulans,DQ137165.1,0,1061,1,1061,NCBI_nuccore,https://www.ncbi.nlm.nih.gov/nuccore/DQ137165.1,https://www.ncbi.nlm.nih.gov/nuccore/DQ137165.1?report=genbank,DIRECT_16S_GENE,16S ribosomal RNA,
354,Psittacus amazonicus,,151758,Amazona amazonica,AY301382.1,0,533,1,533,NCBI_nuccore,https://www.ncbi.nlm.nih.gov/nuccore/AY301382.1,https://www.ncbi.nlm.nih.gov/nuccore/AY301382.1?report=genbank,DIRECT_16S_GENE,16S ribosomal RNA,
356,Rhea americana,,8797,Rhea americana,Y16884.3,1102,2685,1,1583,NCBI_nuccore,https://www.ncbi.nlm.nih.gov/nuccore/Y16884.3,https://www.ncbi.nlm.nih.gov/nuccore/Y16884.3?report=genbank,MITOGENOME_FEATURE,16S ribosomal RNA,16S rRNA
357,Rhea pennata,,8795,Pterocnemia pennata,NC_002783.2,1104,2689,1,1585,NCBI_nuccore,https://www.ncbi.nlm.nih.gov/nuccore/NC_002783.2,https://www.ncbi.nlm.nih.gov/nuccore/NC_002783.2?report=genbank,MITOGENOME_FEATURE,16S ribosomal RNA,
358,Spheniscus humboldti,,9240,Spheniscus humboldti,NC_036337.1,1119,2727,1,1608,NCBI_nuccore,https://www.ncbi.nlm.nih.gov/nuccore/NC_036337.1,https://www.ncbi.nlm.nih.gov/nuccore/NC_036337.1?report=genbank,MITOGENOME_FEATURE,16S ribosomal RNA,
359,Spheniscus magellanicus,,37081,Aptenodytes magellanicus,NC_036264.1,1119,2725,1,1606,NCBI_nuccore,https://www.ncbi.nlm.nih.gov/nuccore/NC_036264.1,https://www.ncbi.nlm.nih.gov/nuccore/NC_036264.1?report=genbank,MITOGENOME_FEATURE,16S ribosomal RNA,
361,Strix varia,,57075,Strix varia,MF431745.1,1137,2741,1,1604,NCBI_nuccore,https://www.ncbi.nlm.nih.gov/nuccore/MF431745.1,https://www.ncbi.nlm.nih.gov/nuccore/MF431745.1?report=genbank,MITOGENOME_FEATURE,16S ribosomal RNA,
363,Tyto alba,,56313,Strix alba,KX440418.1,0,561,1,561,NCBI_nuccore,https://www.ncbi.nlm.nih.gov/nuccore/KX440418.1,https://www.ncbi.nlm.nih.gov/nuccore/KX440418.1?report=genbank,DIRECT_16S_GENE,16S ribosomal RNA,
365,Bubo bubo,,30461,Bubo bubo,NC_038219.1,1130,2712,1,1582,NCBI_nuccore,https://www.ncbi.nlm.nih.gov/nuccore/NC_038219.1,https://www.ncbi.nlm.nih.gov/nuccore/NC_038219.1?report=genbank,MITOGENOME_FEATURE,16S ribosomal RNA,
367,Bubo virginianus,,56268,Bubo virginianus,AF173593.1,1047,2632,1,1585,NCBI_nuccore,https://www.ncbi.nlm.nih.gov/nuccore/AF173593.1,https://www.ncbi.nlm.nih.gov/nuccore/AF173593.1?report=genbank,DIRECT_16S_GENE,16S ribosomal RNA,
368,Asio otus,,111810,Asio otus,NC_039736.1,13283,14888,1,1605,NCBI_nuccore,https://www.ncbi.nlm.nih.gov/nuccore/NC_039736.1,https://www.ncbi.nlm.nih.gov/nuccore/NC_039736.1?report=genbank,MITOGENOME_FEATURE,16S ribosomal RNA,
370,Asio flammeus,,56267,Asio flammeus,NC_027606.1,1133,2716,1,1583,NCBI_nuccore,https://www.ncbi.nlm.nih.gov/nuccore/NC_027606.1,https://www.ncbi.nlm.nih.gov/nuccore/NC_027606.1?report=genbank,MITOGENOME_FEATURE,16S ribosomal RNA,
371,Bubo scandiacus,,371907,Bubo scandiacus,NC_038220.1,1114,2699,1,1585,NCBI_nuccore,https://www.ncbi.nlm.nih.gov/nuccore/NC_038220.1,https://www.ncbi.nlm.nih.gov/nuccore/NC_038220.1?report=genbank,MITOGENOME_FEATURE,16S ribosomal RNA,
373,Struthio camelus,,8801,Struthio camelus,NC_002785.1,1103,2683,1,1580,NCBI_nuccore,https://www.ncbi.nlm.nih.gov/nuccore/NC_002785.1,https://www.ncbi.nlm.nih.gov/nuccore/NC_002785.1?report=genbank,MITOGENOME_FEATURE,16S ribosomal RNA,
375,Phalacrocorax carbo,,9209,Pelecanus carbo,NC_027267.1,1164,2681,1,1517,NCBI_nuccore,https://www.ncbi.nlm.nih.gov/nuccore/NC_027267.1,https://www.ncbi.nlm.nih.gov/nuccore/NC_027267.1?report=genbank,MITOGENOME_FEATURE,16S ribosomal RNA,RRNL
376,Nannopterum auritum,,56069,Carbo auritus,NC_052822.1,1114,2716,1,1602,NCBI_nuccore,https://www.ncbi.nlm.nih.gov/nuccore/NC_052822.1,https://www.ncbi.nlm.nih.gov/nuccore/NC_052822.1?report=genbank,MITOGENOME_FEATURE,16S ribosomal RNA,
378,Phalacrocorax carbo,,9209,Pelecanus carbo,NC_027267.1,1164,2681,1,1517,NCBI_nuccore,https://www.ncbi.nlm.nih.gov/nuccore/NC_027267.1,https://www.ncbi.nlm.nih.gov/nuccore/NC_027267.1?report=genbank,MITOGENOME_FEATURE,16S ribosomal RNA,RRNL
380,Fregata magnificens,,37042,Fregata magnificens,NC_052797.1,1115,2710,1,1595,NCBI_nuccore,https://www.ncbi.nlm.nih.gov/nuccore/NC_052797.1,https://www.ncbi.nlm.nih.gov/nuccore/NC_052797.1?report=genbank,MITOGENOME_FEATURE,16S ribosomal RNA,
383,Phalacrocorax pelagicus,,2723871,Leucocarbo pelagicus,LC541460.1,4156,5757,1,1601,NCBI_nuccore,https://www.ncbi.nlm.nih.gov/nuccore/LC541460.1,https://www.ncbi.nlm.nih.gov/nuccore/LC541460.1?report=genbank,MITOGENOME_FEATURE,16S ribosomal RNA,
385,Sula nebouxii,,37087,Sula nebouxii,AF173579.1,1045,2660,1,1615,NCBI_nuccore,https://www.ncbi.nlm.nih.gov/nuccore/AF173579.1,https://www.ncbi.nlm.nih.gov/nuccore/AF173579.1?report=genbank,DIRECT_16S_GENE,16S ribosomal RNA,
